feature_1,feature_2,feature_3,label
0.146,-1.157,0.379,0.87098153
1.286,0.658,-1.769,-3.70525948
-1.872,-0.426,-0.022,-1.57607053
0.949,0.958,0.694,3.96241584
-1.985,0.727,1.181,2.9817153
0.741,-0.393,0.083,0.86255406
-1.194,-1.97,-1.347,-6.18732382
1.474,0.899,-1.009,-0.97511125
0.193,-0.171,0.072,0.50508739
-0.643,-2.255,1.427,2.42358325









